id,title,score
4,,1.0
5,,0.1395482077366776
2,,0.124505458244433
3,,0.11153553343481487
1,,0.09636390232481062
0,,-0.04603970588968051
